{"cameraMode":{"drawMode":0,"name":"Shaded","section":"Shading Mode"},"sceneLighting":true,"audioPlay":false,"sceneViewState":{"m_AlwaysRefresh":false,"showFog":true,"showSkybox":true,"showFlares":true,"showImageEffects":true,"showParticleSystems":true,"showVisualEffectGraphs":true,"m_FxEnabled":false},"in2DMode":false,"pivot":{"x":381.40911865234377,"y":10.305917739868164,"z":415.86846923828127},"rotation":{"x":-0.0001082141898223199,"y":0.9993494153022766,"z":0.0029980819672346117,"w":0.03599207103252411},"size":2.940758228302002,"orthographic":false}