{"cameraMode":{"drawMode":0,"name":"Shaded","section":"Shading Mode"},"sceneLighting":true,"audioPlay":false,"sceneViewState":{"m_AlwaysRefresh":false,"showFog":true,"showSkybox":true,"showFlares":true,"showImageEffects":true,"showParticleSystems":true,"showVisualEffectGraphs":true,"m_FxEnabled":true},"in2DMode":false,"pivot":{"x":219.71885681152345,"y":32.32023239135742,"z":66.58466339111328},"rotation":{"x":0.015232590027153492,"y":-0.9846201539039612,"z":0.13163146376609803,"w":0.11392974108457566},"size":0.8660253882408142,"orthographic":false}