{"cameraMode":{"drawMode":0,"name":"Shaded","section":"Shading Mode"},"sceneLighting":true,"audioPlay":false,"sceneViewState":{"m_AlwaysRefresh":false,"showFog":true,"showSkybox":true,"showFlares":true,"showImageEffects":true,"showParticleSystems":true,"showVisualEffectGraphs":true,"m_FxEnabled":true},"in2DMode":false,"pivot":{"x":218.05152893066407,"y":31.149608612060548,"z":63.19355773925781},"rotation":{"x":0.12719273567199708,"y":0.23796702921390534,"z":-0.0314490869641304,"w":0.9624021053314209},"size":1.6530770063400269,"orthographic":false}