{"cameraMode":{"drawMode":0,"name":"Shaded","section":"Shading Mode"},"sceneLighting":true,"audioPlay":false,"sceneViewState":{"m_AlwaysRefresh":false,"showFog":true,"showSkybox":true,"showFlares":true,"showImageEffects":true,"showParticleSystems":true,"showVisualEffectGraphs":true,"m_FxEnabled":false},"in2DMode":false,"pivot":{"x":231.77603149414063,"y":37.92391586303711,"z":108.02449035644531},"rotation":{"x":0.010597172193229199,"y":-0.9644167423248291,"z":0.039077579975128177,"w":0.2613036632537842},"size":8.681830406188965,"orthographic":true}